{"assets/images/carLogo.png":["assets/images/carLogo.png"],"assets/images/divioLogo.png":["assets/images/divioLogo.png"],"assets/images/drivioLogo.png":["assets/images/drivioLogo.png"],"assets/images/steering-wheel-red.png":["assets/images/steering-wheel-red.png"],"assets/images/suzukiSandero.png":["assets/images/suzukiSandero.png"],"assets/images/toyota.png":["assets/images/toyota.png"],"assets/images/toyotaRav4.png":["assets/images/toyotaRav4.png"],"assets/images/toyotaVitz.png":["assets/images/toyotaVitz.png"],"packages/cupertino_icons/assets/CupertinoIcons.ttf":["packages/cupertino_icons/assets/CupertinoIcons.ttf"]}